name,info,summary,type
ways to honor Her,,gentle self-love practices that nurture rather than deplete; ways that embrace rest as sacred devotion,helpful info
"(elements, symbolism, etc.)",,"love, beauty, pleasure, passion, roses, doves, swans, seashells, mirrors, the sea, pink, red, pearls, rose quartz, pomegranates, & copper.",helpful info
love life,"Lady Aphrodite was married to hephaestus, through zeus's decree as a reward for releasing hera from cursed bonds, though Aphrodite was never  happy with this forced arrangement. she was mismatched with the smith god & consequently spent her time philandering with the handsome god of war, ares, by whom she became mother to harmonia, the warrior  twins phobos and deimos, and eros. hephaestus discovered her adultery and crafted an invisible net above her bed, trapping the lovers in the act and summoning all the olympians to witness their shame. in the homeric hymn to Aphrodite, she seduces the mortal shepherd anchises after zeus made her  fall in love with him, bearing him the hero aeneas who would later found  rome. Lady Aphrodite also loved the beautiful youth adonis, whom she  shared with persephone in an eternal custody arrangement overseen by  zeus, until a jealous boar killed him during hunting season. Aphrodite helped paris abduct helen from sparta, igniting the decade-long trojan war.  throughout the iliad, she fiercely protected her favorites paris and  aeneas, even suffering a wound from the greek hero diomedes while  shielding aeneas from battle.","though Lady Aphrodite was married to hephaestus, She had a long and famous affair with the war god ares, and they had several children. hephaestus famously caught them in a golden net. She also loved mortals, like anchises and adonis. She had to share the beautiful adonis with persephone after he died.",history
birth,"Lady Aphrodite was born from sea foam created when cronus severed uranus's genitals and cast them into the sea near https://en.wikipedia.org/wiki/Petra_tou_Romiou, according to hesiod's theogony. her name derives from the greek word ""aphros"" meaning foam, though scholars believe it more likely stems from the phoenician ""ashteroth,"" which became ""astarte"" and was later adapted to ""Aphrodite"". cyprus became her primary cult center, with worship dating back to 1500 bc, particularly around paphos where she allegedly first emerged from the waves. Lady Aphrodite was not native to early greek religion but developed over centuries, influenced by near eastern goddesses like sumerian inana, akkadian ishtar, and phoenician astarte. the cult of Aphrodite in greece was imported from or influenced by the phoenician cult of astarte, which itself derived from mesopotamian ishtar/inanna.this birth myth represents the older of two competing origin stories, predating the later version where she becomes zeus and dione's daughter. the castration narrative may originate from the 14th-century hittite poem ""the song of kumarbi,"" suggesting even more ancient near eastern roots. in mystery cults, seashells became sacred symbols of her oceanic birth, while pearls were considered formed from the foam that created her.","Lady Aphrodite was born from sea foam that was created when the genitals of the titan ouranus were thrown into the sea. Her name comes from ""aphros,"" the greek word for foam. however, scholars think Her name and cult actually came from the near east, developing from the phoenician goddess astarte.",history
worship & cult centers,"Lady Aphrodite was worshipped throughout the ancient mediterranean under many epithets reflecting her diverse aspects. her primary cult centers included cyprus (especially paphos and amathus), cythera, corinth, and erythrae. the paphian sanctuary featured an aniconic black stone representing her, possibly of meteoritic origin. her festivals included the aphrodisia (celebrating her birth from sea foam) and the hieros gamos (sacred marriage ritual). in corinth, over a thousand sacred courtesans served her temple, blending love and commerce. the spartan cult of Lady Aphrodite enoplios (""armed"") depicted her wearing armor, showing her martial aspects inherited from ishtar.","Lady Aphrodite was worshipped all over the ancient world, with major cult centers in places like cyprus and corinth. Her festivals celebrated Her birth from the sea. in corinth, a thousand sacred courtesans were said to serve Her temple. in sparta, they worshipped an armed version of Lady Aphrodite, a trait She likely inherited from the eastern goddess ishtar.",history
divine powers & domains,"Lady Aphrodite governed not just romantic love but also social harmony (as Lady Aphrodite pandemos), sea travel (Lady Aphrodite euploia), and even war (Lady Aphrodite areia). her magic girdle could compel desire in gods and mortals alike. she presided over the graces (charites) who personified beauty, dance, and festivity. later orphic hymns describe her as a cosmic force binding the universe together through attraction. unlike other olympians, her power extended even over zeus, who often fell victim to her enchantments despite his supreme authority.","Lady Aphrodite's power wasn't just about romantic love. She also represented social harmony & safe sea travel. Her main domain was desire, and She could make both gods and mortals fall in love. She also presided over the graces, who were personifications of beauty, dance, and festivity.",history
interactions w/ mortals,"Lady Aphrodite frequently intervened in human affairs, both benevolently and punitively. she blessed pygmalion by animating his ivory statue galatea, but cursed the women of lemnos with body odor when they neglected her worship. she helped hippomenes win atalanta through golden apples, yet caused myrrha's incestuous passion for her father. in the trojan war cycle, she protected aeneas and paris but punished helen with relentless desire. her most famous mortal priestess was phaedra, whose tragic passion for hippolytus reflected Lady Aphrodite's wrath against those rejecting love.","Lady Aphrodite dealt with mortals in both kind and cruel ways. She would bless people who worshipped Her well, but punished those who didn't. She played a big role in the trojan war, protecting Her favorites like aeneas and paris. the tragic story of Her priestess psamathe mirrored Her own issues with rejecting love.",history
artistic representations,"archaic statues showed Lady Aphrodite clothed, but by the 4th century bce, praxiteles scandalized audiences with his nude knidian Lady Aphrodite. coins from paphos depicted her conical stone, while attic vases showed her rising from the sea (anadyomene). the venus de milo (2nd century bce) captures her classical grace, missing arms perhaps originally holding an apple or mirror. in pompeian frescoes, she often appears with eros, emphasizing her maternal aspects. early christian artists later appropriated her imagery for depictions of eve and the virgin mary.","in art, Lady Aphrodite was first shown in ways that were seen as scandalous. classic art often shows Her nude, coming out of the sea, or with an apple or mirror. She's frequently depicted with eros. later, christian artists used imagery associated with Her for their own depictions of eve and the virgin mary.",history
philosophical interpretations,"greek philosophers debated Lady Aphrodite's nature: empedocles saw her as the cosmic force of attraction (philia), while plato distinguished between celestial (ourania) and common (pandemos) love. the stoics allegorized her as the creative principle of the universe. neoplatonists like plotinus viewed her as the animating soul of beauty. these intellectual transformations preserved her worship even as pagan religion declined, with augustine later acknowledging her as the most influential pre-christian deity.","greek philosophers saw Lady Aphrodite in different ways. plato saw two versions of Her: a heavenly one and a common one. the stoics saw Her as the force of cosmic attraction. later on, neoplatonists used Her as a way to understand intellectual transformation, and even after paganism declined, She was still seen as a very influential pre-christian figure.",history
"legacy ","Lady Aphrodite merged with numerous foreign goddesses: the phoenician astarte, egyptian hathor, and roman venus (whose name became synonymous). julius caesar claimed descent from her through aeneas. her cult persisted secretly into byzantine times, with fishermen still invoking her as late as the 10th century ce. modern psychoanalysis views her archetype as embodying the life instincts (eros vs thanatos), while feminist scholars reclaim her as a complex symbol of feminine power beyond patriarchal reductions.","Lady Aphrodite's identity merged with goddesses from other places, like the phoenician astarte and roman venus. Her cult was often secret, but later She came to be seen as a symbol of feminine power that went beyond what men expected.",history
